{"epoch": 1, "train_loss": 5.2044923172955455, "val_loss": 5.204492317229346, "val_acc": 0.24103237461214863, "test_loss": 5.204492250542571, "test_f1": 0.0020661622133773465, "test_acc": 0.24103237461214863, "_timestamp": 1713405093.435369, "_runtime": 31136.059965133667, "_step": 1}