{"epoch": 11, "train_loss": 1.8630692862721796, "val_loss": 1.8630692845882608, "test_loss": 1.8630692925711725, "macro_f1": 0.06633108480643495, "macro_precision": 0.043193230925837205, "macro_recall": 0.14285714285714285, "test_acc": 0.3023526164808604, "_timestamp": 1713995750.100515, "_runtime": 10933.47737288475, "_step": 10, "_wandb": {"runtime": 10931}}