{"epoch": 6, "train_loss": 3.4544766544788246, "val_loss": 3.4535712804022958, "val_acc": 0.24103237461214863, "test_loss": 3.4535712963421976, "test_f1": 0.0020661622133773465, "test_acc": 0.24103237461214863, "_timestamp": 1714020010.716418, "_runtime": 92446.19793701172, "_step": 6}