{"epoch": 29, "train_loss": 0.7078251911255101, "val_loss": 0.5288421430195871, "val_acc": 0.8718229641462252, "test_loss": 0.4778926819027029, "test_f1": 0.857239559358577, "test_acc": 0.882059731201231, "_timestamp": 1714271394.9096258, "_runtime": 235881.64764976501, "_step": 29}