{"epoch": 7, "train_loss": 1.3345029088696292, "val_loss": 1.2140597673580649, "val_acc": 0.6493990917378251, "test_loss": 1.1801473811640621, "test_f1": 0.3500724682699631, "test_acc": 0.6562445115372714, "_timestamp": 1714019349.9677134, "_runtime": 91768.39509224892, "_step": 7}