{"epoch": 10, "train_loss": 0.8322815090075645, "val_loss": 0.7364006228845618, "val_acc": 0.7037777350316554, "test_loss": 0.7312753762963259, "test_f1": 0.7484914695545014, "test_acc": 0.7053124137527286, "_timestamp": 1714022259.5466712, "_runtime": 96833.6727130413, "_step": 10}