{"epoch": 10, "train_loss": 1.9146268728887663, "val_loss": 1.4677674774732017, "val_acc": 0.5950204484439947, "test_loss": 1.4493817127054331, "test_f1": 0.5256453028950493, "test_acc": 0.595559885923609, "_timestamp": 1714020699.5919945, "_runtime": 95086.46752762794, "_step": 10}