{"epoch": 1, "train_loss": 1.9629690864008804, "val_loss": 1.9629609635056726, "val_acc": 0.20246050397678328, "test_loss": 1.962961004320515, "test_f1": 0.04810624389555651, "test_acc": 0.20246050397678328, "_timestamp": 1713878679.4096682, "_runtime": 8736.569162130356, "_step": 1}