{"epoch": 7, "train_loss": 0.5199135735203155, "val_loss": 0.4763014032152027, "val_acc": 0.8132459082203581, "test_loss": 0.46600765205400935, "test_f1": 0.8482376021172707, "test_acc": 0.8168128862832339, "_timestamp": 1714020823.2300136, "_runtime": 92850.5213227272, "_step": 7}