{"epoch": 29, "train_loss": 1.1138463745769698, "val_loss": 0.8854621639745738, "val_acc": 0.7632162182505499, "test_loss": 0.8493440563787175, "test_f1": 0.7612119633416319, "test_acc": 0.7707892513945922, "_timestamp": 1714269201.3516505, "_runtime": 233698.93214440346, "_step": 29}