{"epoch": 29, "train_loss": 0.05693939077654035, "val_loss": 0.09366142042445756, "val_acc": 0.9719492510600574, "test_loss": 0.07769088433297273, "test_f1": 0.9764335028474269, "test_acc": 0.9763692930441837, "_timestamp": 1714269905.8218298, "_runtime": 234468.96102571487, "_step": 29}