{"epoch": 6, "train_loss": 1.5801108329142515, "val_loss": 1.575023010789235, "val_acc": 0.32428137728006423, "test_loss": 1.5750230357937844, "test_f1": 0.06996384882366581, "test_acc": 0.32428137728006423, "_timestamp": 1714011558.683044, "_runtime": 83607.5429019928, "_step": 6, "_wandb": {"runtime": 83601}}