{"epoch": 0, "train_loss": 1.8420306406954383, "val_loss": 1.8411401334259658, "val_acc": 0.32428137728006423, "test_loss": 1.84114018305222, "test_f1": 0.06996384882366581, "test_acc": 0.32428137728006423, "_timestamp": 1713869506.5590422, "_runtime": 3945.001101255417, "_step": 0, "_wandb": {"runtime": 4232}}