{"epoch": 29, "train_loss": 0.22684347107766575, "val_loss": 0.18878129441391883, "val_acc": 0.9417825690605425, "test_loss": 0.16468602526976542, "test_f1": 0.9111223420338614, "test_acc": 0.9480090993484933, "_timestamp": 1714269907.0526896, "_runtime": 234448.72237157822, "_step": 29}