{"epoch": 17, "train_loss": 1.341064576307301, "val_loss": 1.4241165710138206, "test_loss": 1.4130845254587918, "macro_f1": 0.5426516996712308, "macro_precision": 0.5326554967656828, "macro_recall": 0.5544835411117451, "test_acc": 0.7511520544622771, "_timestamp": 1714247520.4545078, "_runtime": 26613.721700906754, "_step": 16, "_wandb": {"runtime": 26611}}