{"epoch": 29, "train_loss": 0.2213486347254996, "val_loss": 0.1972206839926393, "val_acc": 0.9368147262250249, "test_loss": 0.17761453048874482, "test_f1": 0.9493040736901955, "test_acc": 0.9436183291655864, "_timestamp": 1714269793.2725546, "_runtime": 234253.903362751, "_step": 29}