{"epoch": 12, "train_loss": 1.57975771648048, "val_loss": 1.5760184689840435, "val_acc": 0.32428137728006423, "test_loss": 1.576018512201636, "test_f1": 0.06996384882366581, "test_acc": 0.32428137728006423, "_timestamp": 1713910580.4759574, "_runtime": 29535.19728732109, "_step": 12, "_wandb": {"runtime": 29529}}