{"epoch": 29, "train_loss": 0.2970841259268994, "val_loss": 0.24316309989890114, "val_acc": 0.9242613051877995, "test_loss": 0.21711581154573634, "test_f1": 0.8801894470694216, "test_acc": 0.9310439996989186, "_timestamp": 1714269386.676681, "_runtime": 233932.6239759922, "_step": 29}