{"epoch": 12, "train_loss": 5.20449231741997, "val_loss": 5.204492316718886, "val_acc": 0.24103237461214863, "test_loss": 5.204492250542571, "test_f1": 0.0020661622133773465, "test_acc": 0.24103237461214863, "_timestamp": 1713491594.552275, "_runtime": 66181.7094988823, "_step": 12, "_wandb": {"runtime": 66177}}