{"epoch": 1, "train_loss": 1.8418677485663433, "val_loss": 1.8411401362992956, "val_acc": 0.32428137728006423, "test_loss": 1.84114018305222, "test_f1": 0.06996384882366581, "test_acc": 0.32428137728006423, "_timestamp": 1713878634.957716, "_runtime": 8718.032690048218, "_step": 1}