{"epoch": 6, "train_loss": 0.5065967713900503, "val_loss": 0.46128006317441456, "val_acc": 0.8181970243123218, "test_loss": 0.44730375726462324, "test_f1": 0.8522907410189834, "test_acc": 0.8235328555060258, "_timestamp": 1714016004.7563198, "_runtime": 88025.87947487831, "_step": 6}