{"epoch": 6, "train_loss": 1.7681827421588905, "val_loss": 1.6413968173613038, "val_acc": 0.5437195259640877, "test_loss": 1.6112693438690464, "test_f1": 0.20050697207823062, "test_acc": 0.5487417307161555, "_timestamp": 1714020937.7813497, "_runtime": 93365.5273296833, "_step": 6}