{"epoch": 11, "train_loss": 1.5742487383608224, "val_loss": 1.5738017531913402, "val_acc": 0.32428137728006423, "test_loss": 1.5738018421209976, "test_f1": 0.06996384882366581, "test_acc": 0.32428137728006423, "_timestamp": 1713908915.6939526, "_runtime": 27876.016764640808, "_step": 11, "_wandb": {"runtime": 27874}}