{"epoch": 6, "train_loss": 1.841682918099922, "val_loss": 1.8411401334259658, "val_acc": 0.32428137728006423, "test_loss": 1.84114018305222, "test_f1": 0.06996384882366581, "test_acc": 0.32428137728006423, "_timestamp": 1713464390.8147695, "_runtime": 25182.075395584106, "_step": 6, "_wandb": {"runtime": 25176}}