{"epoch": 18, "train_loss": 1.3267873604162506, "val_loss": 1.3968936162338736, "test_loss": 1.391128805015504, "macro_f1": 0.687242287627171, "macro_precision": 0.6881620855541313, "macro_recall": 0.6879902802602046, "test_acc": 0.7733317164147898, "_timestamp": 1714273612.8003914, "_runtime": 26058.3035633564, "_step": 17, "_wandb": {"runtime": 26753}}