{"epoch": 16, "train_loss": 2.523695282980004, "val_loss": 1.9831140825684617, "val_acc": 0.46164139534494725, "test_loss": 1.9752226923024687, "test_f1": 0.271540489170049, "test_acc": 0.46394968595538977, "_timestamp": 1713919704.112868, "_runtime": 33328.292025089264, "_step": 16, "_wandb": {"runtime": 33324}}