{"epoch": 6, "train_loss": 0.7824232663058763, "val_loss": 0.7687517122736657, "val_acc": 0.6935158778613185, "test_loss": 0.7654338819639311, "test_f1": 0.695897280003461, "test_acc": 0.6947871103714174, "_timestamp": 1714016928.1918066, "_runtime": 88960.08147144318, "_step": 6}