{"epoch": 6, "train_loss": 3.4765073026176427, "val_loss": 3.463443208005385, "val_acc": 0.24103237461214863, "test_loss": 3.4634432331574896, "test_f1": 0.0020661622133773465, "test_acc": 0.24103237461214863, "_timestamp": 1714011565.6053016, "_runtime": 84010.64286160469, "_step": 6, "_wandb": {"runtime": 84008}}