{"epoch": 6, "train_loss": 3.4816752106891222, "val_loss": 3.469449519983469, "val_acc": 0.24103237461214863, "test_loss": 3.469449567508065, "test_f1": 0.0020661622133773465, "test_acc": 0.24103237461214863, "_timestamp": 1713908034.7925842, "_runtime": 21634.784496068954, "_step": 6, "_wandb": {"runtime": 21632}}