{"epoch": 29, "train_loss": 0.3687878702106772, "val_loss": 0.3175200187532536, "val_acc": 0.8957254806847929, "test_loss": 0.2976207953759876, "test_f1": 0.9233940773947794, "test_acc": 0.9028761635540985, "_timestamp": 1714270368.566301, "_runtime": 234821.03145503998, "_step": 29}