{"epoch": 12, "train_loss": 1.4306454079216298, "val_loss": 1.4732599919498077, "test_loss": 1.4686372245275994, "macro_f1": 0.49431873897112705, "macro_precision": 0.4854215087077042, "macro_recall": 0.5080056354108224, "test_acc": 0.6959579824201926, "_timestamp": 1713984757.0028863, "_runtime": 12427.84675526619, "_step": 11, "_wandb": {"runtime": 12425}}