{"epoch": 29, "train_loss": 0.05758594825252807, "val_loss": 0.08146128633638494, "val_acc": 0.9745920765415785, "test_loss": 0.06747137048006333, "test_f1": 0.979370563108992, "test_acc": 0.97836395721299, "_timestamp": 1714270106.8957465, "_runtime": 234663.37157845497, "_step": 29}