{"real_seed": 834, "_timestamp": 1714060988.4963818, "_runtime": 10932.589485645294, "_step": 10, "epoch": 4, "train_loss": 5.204491261056316, "val_loss": 5.204491263899736, "test_loss": 5.20449133564724, "macro_f1": 0.0020661622133773465, "macro_precision": 0.0012820870990007905, "macro_recall": 0.005319148936170213, "test_acc": 0.24103237461214863, "loss mean": 5.20449133564724, "loss std": 0.0, "f1 mean": 0.0020661622133773465, "f1 std": 0.0, "precision mean": 0.0012820870990007905, "precision std": 0.0, "recall mean": 0.005319148936170213, "recall std": 0.0, "accuracy mean": 0.24103237461214863, "accuracy std": 0.0, "_wandb": {"runtime": 10929}}