{"epoch": 7, "train_loss": 2.7617141262149323, "val_loss": 2.3963332360472487, "val_acc": 0.37219513419030015, "test_loss": 2.3840231615591234, "test_f1": 0.09616830913794755, "test_acc": 0.3749299567613679, "_timestamp": 1713910138.8477712, "_runtime": 23754.326627254486, "_step": 7, "_wandb": {"runtime": 23750}}