{"epoch": 4, "train_loss": 5.204491260573772, "val_loss": 5.204491259548865, "val_acc": 0.24103237461214863, "test_loss": 5.20449133564724, "test_f1": 0.0020661622133773465, "test_acc": 0.24103237461214863, "_timestamp": 1713854403.5812109, "_runtime": 5394.732575893402, "_step": 3, "_wandb": {"runtime": 5392}}