{"epoch": 8, "train_loss": 3.454421144092547, "val_loss": 3.4538511697087237, "val_acc": 0.24103237461214863, "test_loss": 3.453851271637158, "test_f1": 0.0020661622133773465, "test_acc": 0.24103237461214863, "_timestamp": 1713911526.1116307, "_runtime": 25133.54375576973, "_step": 8, "_wandb": {"runtime": 25131}}