{"epoch": 10, "train_loss": 1.0795380876456895, "val_loss": 0.9832804843670344, "val_acc": 0.5880872132408902, "test_loss": 0.9819509533294906, "test_f1": 0.5890804867059299, "test_acc": 0.5880955766126672, "_timestamp": 1714023141.4987054, "_runtime": 97723.0722823143, "_step": 10}