{"epoch": 13, "train_loss": 1.364018845001247, "val_loss": 1.4252680932450885, "test_loss": 1.4220849814173826, "macro_f1": 0.5134619319621969, "macro_precision": 0.4855215750561074, "macro_recall": 0.5474161410173225, "test_acc": 0.7402503993510023, "_timestamp": 1714030526.0669827, "_runtime": 14661.442712783813, "_step": 12, "_wandb": {"runtime": 15580}}