{"epoch": 6, "train_loss": 1.574247109776028, "val_loss": 1.5737110165663797, "val_acc": 0.32428137728006423, "test_loss": 1.5737110528429161, "test_f1": 0.06996384882366581, "test_acc": 0.32428137728006423, "_timestamp": 1714011219.463755, "_runtime": 83260.66481399536, "_step": 6, "_wandb": {"runtime": 83258}}