{"epoch": 6, "train_loss": 1.842026652782047, "val_loss": 1.8411401334259658, "val_acc": 0.32428137728006423, "test_loss": 1.84114018305222, "test_f1": 0.06996384882366581, "test_acc": 0.32428137728006423, "_timestamp": 1713464325.4649775, "_runtime": 25078.208037614822, "_step": 6, "_wandb": {"runtime": 25075}}