{"epoch": 9, "train_loss": 0.6365415839409597, "val_loss": 0.5724368990806082, "val_acc": 0.7913338741647082, "test_loss": 0.5562314374448399, "test_f1": 0.8394231252077156, "test_acc": 0.7972885948699078, "_timestamp": 1714019170.4064305, "_runtime": 93570.94879937172, "_step": 9}