{"epoch": 1, "train_loss": 1.8414671431274177, "val_loss": 1.8411401362992956, "val_acc": 0.32428137728006423, "test_loss": 1.84114018305222, "test_f1": 0.06996384882366581, "test_acc": 0.32428137728006423, "_timestamp": 1713878737.5649776, "_runtime": 8810.360086679459, "_step": 1}