{"epoch": 13, "train_loss": 1.962969863728717, "val_loss": 1.962960960123877, "val_acc": 0.20246050397678328, "test_loss": 1.962961004320515, "test_f1": 0.04810624389555651, "test_acc": 0.20246050397678328, "_timestamp": 1713526155.7801468, "_runtime": 86982.77326273918, "_step": 13, "_wandb": {"runtime": 86980}}