{"epoch": 0, "train_loss": 5.204500281178369, "val_loss": 5.204492317500527, "val_acc": 0.24103237461214863, "test_loss": 5.204492250542571, "test_f1": 0.0020661622133773465, "test_acc": 0.24103237461214863, "_timestamp": 1713875884.0659282, "_runtime": 5915.678244113922, "_step": 0}