{"epoch": 1, "train_loss": 5.2044923172955455, "val_loss": 5.204492317229346, "val_acc": 0.24103237461214863, "test_loss": 5.204492250542571, "test_f1": 0.0020661622133773465, "test_acc": 0.24103237461214863, "_timestamp": 1713405138.8932204, "_runtime": 31174.622326374054, "_step": 1}